Order_Ids,Order_Title,Order_Source,Order_Status,price,Date,Order_Type
OD329454879035222300,Mobile Prepaid Recharge,https://www.flipkart.com/order_details?order_id=OD329454879035222300&item_id=329454879035222300&unit_id=329454879035222300000,Delivered,29,Thu Oct 19,Mobile Recharge
OD329454872649229300,Mobile Prepaid Recharge,https://www.flipkart.com/order_details?order_id=OD329454872649229300&item_id=329454872649229300&unit_id=329454872649229300000,Failed,29,,Mobile Recharge
OD329454866261449300,Mobile Prepaid Recharge,https://www.flipkart.com/order_details?order_id=OD329454866261449300&item_id=329454866261449300&unit_id=329454866261449300000,Failed,19,,Mobile Recharge
OD329454865341232300,Mobile Prepaid Recharge,https://www.flipkart.com/order_details?order_id=OD329454865341232300&item_id=329454865341232300&unit_id=329454865341232300000,Failed,19,,Mobile Recharge
OD329441200245284300,Mobile Prepaid Recharge,https://www.flipkart.com/order_details?order_id=OD329441200245284300&item_id=329441200245284300&unit_id=329441200245284300000,Delivered,19,Tue Oct 17,Mobile Recharge
OD329376608982457100,HARPA Women Fit and Flare Pink Dress,https://www.flipkart.com/order_details?order_id=OD329376608982457100&item_id=329376608982457100&unit_id=329376608982457100000,Delivered,494,Oct 14,Shopping
OD329347858690695100,ZEBRONICS ZEB-TRANSFORMER-M Wired Optica...,https://www.flipkart.com/order_details?order_id=OD329347858690695100&item_id=329347858690695100&unit_id=329347858690695100000,Delivered,359,Oct 11,Shopping
OD329347787410570100,ASUS TUF Gaming K3 - RA05 / 100% Anti-gh...,https://www.flipkart.com/order_details?order_id=OD329347787410570100&item_id=329347787410570100&unit_id=329347787410570100000,Delivered,2949,Oct 10,Shopping
OD329347713421991100,ASUS TUF Gaming K3 - RA05 / 100% Anti-gh...,https://www.flipkart.com/order_details?order_id=OD329347713421991100&item_id=329347713421991100&unit_id=329347713421991100000,Not Placed,2949,,Shopping
OD329347692199775100,ASUS TUF Gaming K3 - RA05 / 100% Anti-gh...,https://www.flipkart.com/order_details?order_id=OD329347692199775100&item_id=329347692199775100&unit_id=329347692199775100000,Not Placed,2949,,Shopping
OD329325070133090300,Mobile Prepaid Recharge,https://www.flipkart.com/order_details?order_id=OD329325070133090300&item_id=329325070133090300&unit_id=329325070133090300000,Failed,149,,Mobile Recharge
OD329325055389892300,Mobile Prepaid Recharge,https://www.flipkart.com/order_details?order_id=OD329325055389892300&item_id=329325055389892300&unit_id=329325055389892300000,Failed,149,,Mobile Recharge
OD329298846222439100,THE WOOD WHITE INDIA Soft 2. 16 x 24 Inc...,https://www.flipkart.com/order_details?order_id=OD329298846222439100&item_id=329298846222439100&unit_id=329298846222439100000,Delivered,395,Oct 05,Shopping
OD329281807056729300,Mobile Prepaid Recharge,https://www.flipkart.com/order_details?order_id=OD329281807056729300&item_id=329281807056729300&unit_id=329281807056729300000,Delivered,99,Sep 29,Mobile Recharge
OD329281798812030300,Mobile Prepaid Recharge,https://www.flipkart.com/order_details?order_id=OD329281798812030300&item_id=329281798812030300&unit_id=329281798812030300000,Failed,99,,Mobile Recharge
OD329211853188534300,Mobile Prepaid Recharge,https://www.flipkart.com/order_details?order_id=OD329211853188534300&item_id=329211853188534300&unit_id=329211853188534300000,Failed,155,,Mobile Recharge
OD329208926110366300,Mobile Prepaid Recharge,https://www.flipkart.com/order_details?order_id=OD329208926110366300&item_id=329208926110366300&unit_id=329208926110366300000,Failed,15,,Mobile Recharge
OD329143879061512100,boAt Rockerz 333 Upto 30 Hours Battery B...,https://www.flipkart.com/order_details?order_id=OD329143879061512100&item_id=329143879061512100&unit_id=329143879061512100000,Delivered,1599,Sep 14,Shopping
OD329121785871884100,USHA EI 2802 LT 1000 W Dry Iron,https://www.flipkart.com/order_details?order_id=OD329121785871884100&item_id=329121785871884101&unit_id=329121785871884101000,Refunded,499,,Shopping
OD329100573668088100,STORITE Large Gaming Mouse Pad 60x30x2 c...,https://www.flipkart.com/order_details?order_id=OD329100573668088100&item_id=329100573668088100&unit_id=329100573668088100000,Delivered,199,Sep 12,Shopping
OD329094979386109100,STORITE Multi-Function 5-in-1 Cleaning T...,https://www.flipkart.com/order_details?order_id=OD329094979386109100&item_id=329094979386109100&unit_id=329094979386109100000,Delivered,149,Sep 12,Shopping
OD328952734694021100,Thecrazymonk Graphic Print Men Round Nec...,https://www.flipkart.com/order_details?order_id=OD328952734694021100&item_id=328952734694021100&unit_id=328952734694021100000,Refunded,699,,Shopping
,,,Delivered,501,Aug 18,Shopping
,,,Delivered,317,Jul 30,Shopping
OD328670352262722100,Sansu Olive Cider Vinegar Premium (Jaitu...,https://www.flipkart.com/order_details?order_id=OD328670352262722100&item_id=328670352262722100&unit_id=328670352262722100000,Delivered,349,Jul 24,Shopping
OD328662721842005100,Sansu Olive Cider Vinegar Premium (Jaitu...,https://www.flipkart.com/order_details?order_id=OD328662721842005100&item_id=328662721842005100&unit_id=328662721842005100000,Cancelled,354,,Shopping
OD328192941775325100,"alt Spunk Pro, 1.45"" AMOLED, Single Chip...",https://www.flipkart.com/order_details?order_id=OD328192941775325100&item_id=328192941775325100&unit_id=328192941775325100000,Delivered,1999,May 28,Shopping
OD328161779560897100,FASHION DEPTH Women Embroidered Straight...,https://www.flipkart.com/order_details?order_id=OD328161779560897100&item_id=328161779560897100&unit_id=328161779560897100000,Delivered,599,May 26,Shopping
OD328161682585835100,Vbuyz Women Printed Straight Kurta,https://www.flipkart.com/order_details?order_id=OD328161682585835100&item_id=328161682585835100&unit_id=328161682585835100000,Delivered,682,May 27,Shopping
OD328083566574607100,DHARITRI SAREE Self Design Kanjivaram Pu...,https://www.flipkart.com/order_details?order_id=OD328083566574607100&item_id=328083566574607100&unit_id=328083566574607100000,Refunded,870,,Shopping
OD328002874306343100,SAMSUNG Evo Plus 64 GB MicroSDXC Class 1...,https://www.flipkart.com/order_details?order_id=OD328002874306343100&item_id=328002874306343100&unit_id=328002874306343100000,Replacement,499,,Shopping
OD327851541859461100,HAPDCO Pack of 2 Aqui Plus Cream+1 Aqui ...,https://www.flipkart.com/order_details?order_id=OD327851541859461100&item_id=327851541859461100&unit_id=327851541859461100000,Delivered,280,Apr 21,Shopping
OD327851206468563100,RED TAPE Sneakers For Men,https://www.flipkart.com/order_details?order_id=OD327851206468563100&item_id=327851206468563100&unit_id=327851206468563100000,Delivered,1169,Apr 20,Shopping
OD327795392695113100,YONEX GR 303 F Multicolor Strung Badmint...,https://www.flipkart.com/order_details?order_id=OD327795392695113100&item_id=327795392695113100&unit_id=327795392695113100000,Delivered,499,Apr 15,Shopping
OD327788654157330100,RED TAPE Sneakers For Women,https://www.flipkart.com/order_details?order_id=OD327788654157330100&item_id=327788654157330100&unit_id=327788654157330100000,Refunded,959,,Shopping
OD327755294072150100,"PURVAJA Women Empire Waist Green, White,...",https://www.flipkart.com/order_details?order_id=OD327755294072150100&item_id=327755294072150100&unit_id=327755294072150100000,Refunded,370,,Shopping
OD327700344468962100,Mi XXQ02HM Trimmer 60 min  Runtime 20 Le...,https://www.flipkart.com/order_details?order_id=OD327700344468962100&item_id=327700344468962100&unit_id=327700344468962100000,Cancelled,984,,Shopping
OD327649142708455100,Refollium Biotin 10000 mcg Maximum Stren...,https://www.flipkart.com/order_details?order_id=OD327649142708455100&item_id=327649142708455100&unit_id=327649142708455100000,Delivered,194,Mar 27,Shopping
OD327522668549626100,limraz furniture L 56 Engineered Wood St...,https://www.flipkart.com/order_details?order_id=OD327522668549626100&item_id=327522668549626100&unit_id=327522668549626100000,Refunded,1499,,Shopping
OD327520171565401100,CATIVE Engineered Wood Office Table,https://www.flipkart.com/order_details?order_id=OD327520171565401100&item_id=327520171565401100&unit_id=327520171565401100000,Refunded,2564,,Shopping
OD327520147756144100,CATIVE Engineered Wood Office Table,https://www.flipkart.com/order_details?order_id=OD327520147756144100&item_id=327520147756144100&unit_id=327520147756144100000,Refunded,2564,,Shopping
OD327513390223852100,Pigeon Croma Galaxy 800 ml 24 Hrs Hot & ...,https://www.flipkart.com/order_details?order_id=OD327513390223852100&item_id=327513390223852100&unit_id=327513390223852100000,Delivered,659,Mar 10,Shopping
OD327495204058441100,OXGENTA Pure Cotton Embellished Women Du...,https://www.flipkart.com/order_details?order_id=OD327495204058441100&item_id=327495204058441100&unit_id=327495204058441100000,Delivered,212,Mar 11,Shopping
OD327486456726942100,Pigeon Croma Galaxy 800 ml 24 Hrs Hot & ...,https://www.flipkart.com/order_details?order_id=OD327486456726942100&item_id=327486456726942100&unit_id=327486456726942100000,Refunded,619,,Shopping
OD327211563667724100,Cosmic Byte CB-GK-22 Veritas TKL RGB Son...,https://www.flipkart.com/order_details?order_id=OD327211563667724100&item_id=327211563667724100&unit_id=327211563667724100000,Delivered,1249,Feb 03,Shopping
OD327072475974765100,aqui plus Cream Best Cream with facewash...,https://www.flipkart.com/order_details?order_id=OD327072475974765100&item_id=327072475974765100&unit_id=327072475974765100000,Delivered,249,Jan 19,Shopping
OD327064714277020100,"Leelavati Woven Kanjivaram Pure Silk, Ar...",https://www.flipkart.com/order_details?order_id=OD327064714277020100&item_id=327064714277020100&unit_id=327064714277020100000,Delivered,569,Jan 21,Shopping
OD327037120455943100,aqui plus Cream Best Cream with facewash...,https://www.flipkart.com/order_details?order_id=OD327037120455943100&item_id=327037120455943100&unit_id=327037120455943100000,Refunded,249,,Shopping
OD327000988419565100,Flipkart SmartBuy E160X Wireless Optical...,https://www.flipkart.com/order_details?order_id=OD327000988419565100&item_id=327000988419565100&unit_id=327000988419565100000,Delivered,499,Jan 09,Shopping
OD326986939079336100,Flipkart SmartBuy E160X Wireless Optical...,https://www.flipkart.com/order_details?order_id=OD326986939079336100&item_id=326986939079336100&unit_id=326986939079336100000,Refunded,499,,Shopping
OD326967925275412100,ZEBRONICS Zeb-Tulip Wired Headset,https://www.flipkart.com/order_details?order_id=OD326967925275412100&item_id=326967925275412100&unit_id=326967925275412100000,Refunded,249,,Shopping
OD326850624605963100,Mast & Harbour Full Sleeve Printed Men S...,https://www.flipkart.com/order_details?order_id=OD326850624605963100&item_id=326850624605963100&unit_id=326850624605963100000,Refunded,812,,Shopping
OD326850592080540100,HIGHLANDER Full Sleeve Printed Men Sweat...,https://www.flipkart.com/order_details?order_id=OD326850592080540100&item_id=326850592080540100&unit_id=326850592080540100000,Refunded,764,,Shopping
OD326841213135625100,GARNIER Bright Complete Vitamin C Booste...,https://www.flipkart.com/order_details?order_id=OD326841213135625100&item_id=326841213135625100&unit_id=326841213135625100000,Delivered,414,"Dec 25, 2022",Shopping
OD326829953573965100,THE MAN COMPANY Brawn Hair Wax - Almond ...,https://www.flipkart.com/order_details?order_id=OD326829953573965100&item_id=326829953573965100&unit_id=326829953573965100000,Delivered,185,"Dec 21, 2022",Shopping
OD326802151098268100,Roadster Full Sleeve Printed Men Sweatsh...,https://www.flipkart.com/order_details?order_id=OD326802151098268100&item_id=326802151098268100&unit_id=326802151098268100000,Refunded,807,,Shopping
OD126520872143263000,Tendula hair massager for men and girl H...,https://www.flipkart.com/order_details?order_id=OD126520872143263000&item_id=12652087214326300&unit_id=12652087214326300000,Refunded,132,,Shopping
OD126517653532126000,HAPDCO AQUI PLUS-PURE HERBAL BALANCE FAC...,https://www.flipkart.com/order_details?order_id=OD126517653532126000&item_id=12651765353212600&unit_id=12651765353212600000,Delivered,269,"Nov 17, 2022",Shopping
OD126371584045462000,Charming treasures Junior-Senior Adjusta...,https://www.flipkart.com/order_details?order_id=OD126371584045462000&item_id=12637158404546200&unit_id=12637158404546200000,Refunded,205,,Shopping
OD126305526376831000,"Noise Buds VS102 with 14 Hours Playtime,...",https://www.flipkart.com/order_details?order_id=OD126305526376831000&item_id=12630552637683100&unit_id=12630552637683100000,Refunded,899,,Shopping
OD126301380007676000,"Noise Buds VS102 with 14 Hours Playtime,...",https://www.flipkart.com/order_details?order_id=OD126301380007676000&item_id=12630138000767600&unit_id=12630138000767600000,Refunded,899,,Shopping
OD126250947657243000,ASIAN & FITCH Men Checkered Casual Grey ...,https://www.flipkart.com/order_details?order_id=OD126250947657243000&item_id=12625094765724300&unit_id=12625094765724300000,Delivered,429,"Oct 19, 2022",Shopping
OD126241667571548000,"HOPPUP SNAP with Gaming Mode, Fast Charg...",https://www.flipkart.com/order_details?order_id=OD126241667571548000&item_id=12624166757154800&unit_id=12624166757154800000,Cancelled,599,,Shopping
OD126236391925069000,"HOPPUP SNAP with Gaming Mode, Fast Charg...",https://www.flipkart.com/order_details?order_id=OD126236391925069000&item_id=12623639192506900&unit_id=12623639192506900000,Refunded,549,,Shopping
OD126180469686830000,Acnos Wood Portable Laptop Table,https://www.flipkart.com/order_details?order_id=OD126180469686830000&item_id=12618046968683000&unit_id=12618046968683000000,Delivered,497,"Oct 11, 2022",Shopping
OD126147011305337000,Acnos Wood Portable Laptop Table,https://www.flipkart.com/order_details?order_id=OD126147011305337000&item_id=12614701130533700&unit_id=12614701130533700000,Refunded,497,,Shopping
OD126122302680788000,KrishaFashion Embroidered Bollywood Silk...,https://www.flipkart.com/order_details?order_id=OD126122302680788000&item_id=12612230268078800&unit_id=12612230268078800000,Refunded,792,,Shopping
OD126121795227951000,KrishaFashion Embroidered Bollywood Silk...,https://www.flipkart.com/order_details?order_id=OD126121795227951000&item_id=12612179522795100&unit_id=12612179522795100000,Refunded,792,,Shopping
OD126076632261047000,Fire-Boltt Hurricane Smartwatch,https://www.flipkart.com/order_details?order_id=OD126076632261047000&item_id=12607663226104700&unit_id=12607663226104700000,Refunded,1799,,Shopping
OD126072810238016000,realme Buds Wireless 2 Neo with Type-C F...,https://www.flipkart.com/order_details?order_id=OD126072810238016000&item_id=12607281023801600&unit_id=12607281023801600000,Delivered,948,"Sep 28, 2022",Shopping
OD126071429665519000,HP Pavilion Ryzen 5 Hexa Core AMD R5-560...,https://www.flipkart.com/order_details?order_id=OD126071429665519000&item_id=12607142966551900&unit_id=12607142966551900000&share_token=SH22092220343492771476.5B6AC959F98F9EB20463AA5384C5B635958A924E,Delivered,49890,"Sep 24, 2022",Shopping
OD126000735304853000,"vikas sales Embroidered, Self Design Sem...",https://www.flipkart.com/order_details?order_id=OD126000735304853000&item_id=12600073530485300&unit_id=12600073530485300000,Refunded,1999,,Shopping
OD125992967119907000,Fabbmate Casuals For Men,https://www.flipkart.com/order_details?order_id=OD125992967119907000&item_id=12599296711990700&unit_id=12599296711990700000,Refunded,198,,Shopping
OD125974940709210000,BLACK SCISSOR Jacquard Floral Print Suit...,https://www.flipkart.com/order_details?order_id=OD125974940709210000&item_id=12597494070921000&unit_id=12597494070921000000,Delivered,664,"Sep 19, 2022",Shopping
OD125961223108244000,iTronix 12 Pieces Mobile Charging Cables...,https://www.flipkart.com/order_details?order_id=OD125961223108244000&item_id=12596122310824400&unit_id=12596122310824400000,Delivered,89,"Sep 12, 2022",Shopping
OD125941338048064000,BLACK SCISSOR Jacquard Floral Print Suit...,https://www.flipkart.com/order_details?order_id=OD125941338048064000&item_id=12594133804806400&unit_id=12594133804806400000,Refunded,699,,Shopping
OD125921580981751000,Classmate Spiral (240 x 180 mm) B5 Noteb...,https://www.flipkart.com/order_details?order_id=OD125921580981751000&item_id=12592158098175100&unit_id=12592158098175100000,Delivered,217,"Sep 10, 2022",Shopping
OD125662045471811000,GARNIER Bright Complete Vitamin C Booste...,https://www.flipkart.com/order_details?order_id=OD125662045471811000&item_id=12566204547181100&unit_id=12566204547181100000,Delivered,350,"Aug 09, 2022",Shopping
OD125654310418283000,DEFY Gravity Turbo with Low Latency for ...,https://www.flipkart.com/order_details?order_id=OD125654310418283000&item_id=12565431041828301&unit_id=12565431041828301000,Cancelled,1099,,Shopping
OD125654285101286000,DEFY Gravity Turbo with Low Latency for ...,https://www.flipkart.com/order_details?order_id=OD125654285101286000&item_id=12565428510128600&unit_id=12565428510128600000,Refunded,1099,,Shopping
OD125620020360481000,jack klein jack klein Mobile Finger Slee...,https://www.flipkart.com/order_details?order_id=OD125620020360481000&item_id=12562002036048100&unit_id=12562002036048100000,Delivered,28,"Aug 05, 2022",Shopping
OD125531585966741000,Boult Audio Loop Wired Headset,https://www.flipkart.com/order_details?order_id=OD125531585966741000&item_id=12553158596674100&unit_id=12553158596674100000,Delivered,349,"Jul 25, 2022",Shopping
OD125528712382014000,boAt Rockerz 255F Pro/ Rockerz 255 Pro B...,https://www.flipkart.com/order_details?order_id=OD125528712382014000&item_id=12552871238201400&unit_id=12552871238201400000,Refunded,999,,Shopping
OD125528373072445000,Boult Audio Loop Wired Headset,https://www.flipkart.com/order_details?order_id=OD125528373072445000&item_id=12552837307244500&unit_id=12552837307244500000,Refunded,329,,Shopping
OD125480645132887000,Wildcraft Daredevil 43 L Laptop Backpack,https://www.flipkart.com/order_details?order_id=OD125480645132887000&item_id=12548064513288700&unit_id=12548064513288700000,Delivered,1219,"Jul 19, 2022",Shopping
OD125479629844154000,boAt Rockerz 255F Pro with Fast Charging...,https://www.flipkart.com/order_details?order_id=OD125479629844154000&item_id=12547962984415400&unit_id=12547962984415400000,Refunded,1199,,Shopping
OD125412062144155000,Lipton Honey Lemon Green Honey Green Tea...,https://www.flipkart.com/order_details?order_id=OD125412062144155000&item_id=12541206214415500&unit_id=12541206214415500000,Delivered,255,"Jul 10, 2022",Shopping
OD125377674513075000,"AllenQueen Women Green, White Dungaree",https://www.flipkart.com/order_details?order_id=OD125377674513075000&item_id=12537767451307500&unit_id=12537767451307500000,Refunded,499,,Shopping
OD125377662731764000,"FurryFlair Women Light Blue, Dark Blue D...",https://www.flipkart.com/order_details?order_id=OD125377662731764000&item_id=12537766273176400&unit_id=12537766273176400000,Refunded,799,,Shopping
OD125375598856443000,Red Bear Refrigerator  Cover,https://www.flipkart.com/order_details?order_id=OD125375598856443000&item_id=12537559885644300&unit_id=12537559885644300000,Delivered,208,"Jul 07, 2022",Shopping
OD125351349722059000,"FurryFlair Women Light Blue, Dark Blue D...",https://www.flipkart.com/order_details?order_id=OD125351349722059000&item_id=12535134972205900&unit_id=12535134972205900000,Refunded,799,,Shopping
OD125351240650132000,"AllenQueen Women Green, White Dungaree",https://www.flipkart.com/order_details?order_id=OD125351240650132000&item_id=12535124065013200&unit_id=12535124065013200000,Refunded,499,,Shopping
OD125351228316878000,tuxup Self Design Women Jumpsuit,https://www.flipkart.com/order_details?order_id=OD125351228316878000&item_id=12535122831687800&unit_id=12535122831687800000,Refunded,499,,Shopping
OD125130310876609000,Fluent FL_11 Titanium Alloy Micro Needle...,https://www.flipkart.com/order_details?order_id=OD125130310876609000&item_id=12513031087660900&unit_id=12513031087660900000,Delivered,199,"Jun 11, 2022",Shopping
OD125130294407903000,BOMBAY SHAVING COMPANY Blackhead Removal...,https://www.flipkart.com/order_details?order_id=OD125130294407903000&item_id=12513029440790300&unit_id=12513029440790300000,Delivered,187,"Jun 07, 2022",Shopping
OD225129018574263000,"AsSkin Poco M2 Pro, poco m2 pro Mobile S...",https://www.flipkart.com/order_details?order_id=OD225129018574263000&item_id=22512901857426300&unit_id=22512901857426300000&share_token=SH22060518450753513886.0633B0CB8CBC8A25D32D82566F32D1D09596FF99,Refunded,199,,Shopping
OD125004568539953000,HANDCUFFS Embroidered CAP Cap,https://www.flipkart.com/order_details?order_id=OD125004568539953000&item_id=12500456853995300&unit_id=12500456853995300000,Cancelled,156,,Shopping
OD124919899065271000,Ruuprekha Striped Tant Pure Cotton Saree,https://www.flipkart.com/order_details?order_id=OD124919899065271000&item_id=12491989906527100&unit_id=12491989906527100000,Delivered,526,"May 18, 2022",Shopping
OD124895806723700000,Bong ButiQ Woven Tangail Pure Cotton Sar...,https://www.flipkart.com/order_details?order_id=OD124895806723700000&item_id=12489580672370000&unit_id=12489580672370000000,Delivered,699,"May 15, 2022",Shopping
OD124876454274877000,Noise Buds VS102 Truly Wireless Bluetoot...,https://www.flipkart.com/order_details?order_id=OD124876454274877000&item_id=12487645427487700&unit_id=12487645427487700000,Delivered,999,"May 09, 2022",Shopping
OD124858739837421000,Noise Buds VS102 Truly Wireless Bluetoot...,https://www.flipkart.com/order_details?order_id=OD124858739837421000&item_id=12485873983742100&unit_id=12485873983742100000&share_token=SH22050512085528923185.FF5D9F961217E0A70EC57754A1C9961B0D1114CC,Refunded,899,,Shopping
OD124833109854973000,Noise Buds VS102 Truly Wireless Bluetoot...,https://www.flipkart.com/order_details?order_id=OD124833109854973000&item_id=12483310985497300&unit_id=12483310985497300000,Refunded,899,,Shopping
OD124828646279700000,Noise Buds VS102 Truly Wireless Bluetoot...,https://www.flipkart.com/order_details?order_id=OD124828646279700000&item_id=12482864627970000&unit_id=12482864627970000000,Cancelled,899,,Shopping
OD124645389103527000,GARNIER Bright Complete Vitamin C Booste...,https://www.flipkart.com/order_details?order_id=OD124645389103527000&item_id=12464538910352700&unit_id=12464538910352700000,Delivered,235,"Apr 14, 2022",Shopping
OD124635720011014000,CHOZI Printed Women Round Neck White T-S...,https://www.flipkart.com/order_details?order_id=OD124635720011014000&item_id=12463572001101400&unit_id=12463572001101400000,Cancelled,239,,Shopping
OD124608730936951000,VEGA Storm Dull Motorbike Helmet,https://www.flipkart.com/order_details?order_id=OD124608730936951000&item_id=12460873093695100&unit_id=12460873093695100000,Delivered,1245,"Apr 10, 2022",Shopping
OD124608633828878000,VEGA Storm Dull Motorbike Helmet,https://www.flipkart.com/order_details?order_id=OD124608633828878000&item_id=12460863382887800&unit_id=12460863382887800000,Refunded,1245,,Shopping
OD124584322220530000,Teeny Step Stylish Trending Shoes Derby ...,https://www.flipkart.com/order_details?order_id=OD124584322220530000&item_id=12458432222053000&unit_id=12458432222053000000,Delivered,449,"Apr 07, 2022",Shopping
OD124567511351010000,Lutton Men's shoes | Formal shoes for me...,https://www.flipkart.com/order_details?order_id=OD124567511351010000&item_id=12456751135101000&unit_id=12456751135101000000,Refunded,499,,Shopping
OD124481431678265000,Bijuka Women Kurta and Pant Set,https://www.flipkart.com/order_details?order_id=OD124481431678265000&item_id=12448143167826500&unit_id=12448143167826500000,Refunded,539,,Shopping
OD124481422935904000,Tap in Women Self Design Straight Kurta,https://www.flipkart.com/order_details?order_id=OD124481422935904000&item_id=12448142293590400&unit_id=12448142293590400000,Delivered,418,"Mar 26, 2022",Shopping
OD124372999431200000,Steelbird SBH-17 Terminator Full Face Gr...,https://www.flipkart.com/order_details?order_id=OD124372999431200000&item_id=12437299943120000&unit_id=12437299943120000000,Refunded,1839,,Shopping
OD124359978587278000,Foxter Solid Men Grey Track Pants,https://www.flipkart.com/order_details?order_id=OD124359978587278000&item_id=12435997858727800&unit_id=12435997858727800000,Refunded,279,,Shopping
OD124358977617572000,VeBNoR Solid Men Grey Track Pants,https://www.flipkart.com/order_details?order_id=OD124358977617572000&item_id=12435897761757200&unit_id=12435897761757200000,Refunded,289,,Shopping
OD124358853003248000,Foxter Solid Men Grey Track Pants,https://www.flipkart.com/order_details?order_id=OD124358853003248000&item_id=12435885300324800&unit_id=12435885300324800000,Refunded,279,,Shopping
OD124358814051500000,Foxter Solid Men Blue Track Pants,https://www.flipkart.com/order_details?order_id=OD124358814051500000&item_id=12435881405150000&unit_id=12435881405150000000,Refunded,279,,Shopping
OD124299904053658000,Kellogg's Klog Corn Flakes 250 gm Box,https://www.flipkart.com/order_details?order_id=OD124299904053658000&item_id=12429990405365800&unit_id=12429990405365800000,Delivered,175,"Mar 05, 2022",Shopping
OD124144636397358000,"AllenQueen Women Blue, White Dungaree",https://www.flipkart.com/order_details?order_id=OD124144636397358000&item_id=12414463639735800&unit_id=12414463639735800000,Delivered,459,"Feb 15, 2022",Shopping
OD124144012683548000,"AllenQueen Women Pink, Black Dungaree",https://www.flipkart.com/order_details?order_id=OD124144012683548000&item_id=12414401268354800&unit_id=12414401268354800000,Refunded,459,,Shopping
OD124132583314085000,LOTUS HERBALS WhiteGlow Skin Whitening &...,https://www.flipkart.com/order_details?order_id=OD124132583314085000&item_id=12413258331408500&unit_id=12413258331408500000,Delivered,292,"Feb 13, 2022",Shopping
OD123936892890509000,DONDA CREATION Embroidered Fashion Art S...,https://www.flipkart.com/order_details?order_id=OD123936892890509000&item_id=12393689289050900&unit_id=12393689289050900000,Refunded,499,,Shopping
OD123875134801658000,Pigeon Favourite Electric Kettle,https://www.flipkart.com/order_details?order_id=OD123875134801658000&item_id=12387513480165800&unit_id=12387513480165800000,Delivered,649,"Jan 13, 2022",Shopping
OD123864018863018000,Pigeon Electric Kettle Hot - 1.5 Liter E...,https://www.flipkart.com/order_details?order_id=OD123864018863018000&item_id=12386401886301800&unit_id=12386401886301800000,Cancelled,714,,Shopping
OD123864008682078000,Pigeon Electric Kettle Hot - 1.5 Liter E...,https://www.flipkart.com/order_details?order_id=OD123864008682078000&item_id=12386400868207800&unit_id=12386400868207800000,Refunded,714,,Shopping
OD123850541582234000,ENVY Black Men Perfume Eau de Parfum  - ...,https://www.flipkart.com/order_details?order_id=OD123850541582234000&item_id=12385054158223400&unit_id=12385054158223400000,Refunded,179,,Shopping
OD123826199875172000,Pigeon Special 3 L Induction Bottom Pres...,https://www.flipkart.com/order_details?order_id=OD123826199875172000&item_id=12382619987517200&unit_id=12382619987517200000,Delivered,771,"Jan 10, 2022",Shopping
OD123826126984359000,Pigeon Special 3 L Induction Bottom Pres...,https://www.flipkart.com/order_details?order_id=OD123826126984359000&item_id=12382612698435900&unit_id=12382612698435900000,Refunded,771,,Shopping
OD123826089773255000,Breil By Fort Collins Full Sleeve Solid ...,https://www.flipkart.com/order_details?order_id=OD123826089773255000&item_id=12382608977325500&unit_id=12382608977325500000,Cancelled,1375,,Shopping
OD123608236815776000,Scyther Back Cover for Realme 5i,https://www.flipkart.com/order_details?order_id=OD123608236815776000&item_id=12360823681577600&unit_id=12360823681577600000,Delivered,179,"Dec 17, 2021",Shopping
OD123596306537841000,"Value Back Cover for Oneplus 7, OnePlus ...",https://www.flipkart.com/order_details?order_id=OD123596306537841000&item_id=12359630653784100&unit_id=12359630653784100000,Delivered,163,"Dec 15, 2021",Shopping
OD123591458613181000,famiss fashion Full Sleeve Graphic Print...,https://www.flipkart.com/order_details?order_id=OD123591458613181000&item_id=12359145861318100&unit_id=12359145861318100000,Delivered,399,"Dec 13, 2021",Shopping
OD123400518875418000,LUXOR Exercise Notebook-Focus B5 Noteboo...,https://www.flipkart.com/order_details?order_id=OD123400518875418000&item_id=12340051887541800&unit_id=12340051887541800000,Delivered,69,"Nov 20, 2021",Shopping
OD123400382532019000,Classmate Notebook Book-size Notebook Si...,https://www.flipkart.com/order_details?order_id=OD123400382532019000&item_id=12340038253201900&unit_id=12340038253201900000,Refunded,57,,Shopping
OD123356726608073000,udachi Slim Fit Men Black Trousers,https://www.flipkart.com/order_details?order_id=OD123356726608073000&item_id=12335672660807300&unit_id=12335672660807300000,Delivered,433,"Nov 16, 2021",Shopping
OD123262488608726000,SPK Handmade Decorative Hanging -Wind Ch...,https://www.flipkart.com/order_details?order_id=OD123262488608726000&item_id=12326248860872600&unit_id=12326248860872600000,Delivered,199,"Nov 06, 2021",Shopping
OD123192989534436000,LOUIS CARON Hi storage printed 30 L Back...,https://www.flipkart.com/order_details?order_id=OD123192989534436000&item_id=12319298953443600&unit_id=12319298953443600000,Cancelled,404,,Shopping
OD123106703133433000,"Divastri Woven Kanjivaram Poly Silk, Art...",https://www.flipkart.com/order_details?order_id=OD123106703133433000&item_id=12310670313343300&unit_id=12310670313343300000,Delivered,647,"Oct 19, 2021",Shopping
OD123073158100004000,Apparel4Foot Flip flops for girls women ...,https://www.flipkart.com/order_details?order_id=OD123073158100004000&item_id=12307315810000400&unit_id=12307315810000400000,Delivered,293,"Oct 14, 2021",Shopping
OD123073126033507000,Apparel4Foot Flip flops for girls women ...,https://www.flipkart.com/order_details?order_id=OD123073126033507000&item_id=12307312603350700&unit_id=12307312603350700000,Refunded,293,,Shopping
OD123063615333827000,Flipkart SmartBuy Back Cover for Mi Poco...,https://www.flipkart.com/order_details?order_id=OD123063615333827000&item_id=12306361533382700&unit_id=12306361533382700000,Refunded,129,,Shopping
OD123062829896688000,"Mahageeta Women Printed, Self Design A-l...",https://www.flipkart.com/order_details?order_id=OD123062829896688000&item_id=12306282989668800&unit_id=12306282989668800000,Delivered,296,"Oct 13, 2021",Shopping
OD123060036525603000,Mivi Rock Roll E5 With HD Sound Wired He...,https://www.flipkart.com/order_details?order_id=OD123060036525603000&item_id=12306003652560300&unit_id=12306003652560300000,Refunded,248,,Shopping
OD123038776255976000,HIGHLANDER Men Printed Casual Multicolor...,https://www.flipkart.com/order_details?order_id=OD123038776255976000&item_id=12303877625597600&unit_id=12303877625597600000,Delivered,367,"Oct 10, 2021",Shopping
OD123036006083725000,Afpin Multi-Purpose Heavy Metal Number L...,https://www.flipkart.com/order_details?order_id=OD123036006083725000&item_id=12303600608372500&unit_id=12303600608372500000,Refunded,157,,Shopping
OD123035995912937000,Afpin Multi-Purpose Heavy Metal Number L...,https://www.flipkart.com/order_details?order_id=OD123035995912937000&item_id=12303599591293700&unit_id=12303599591293700000,Cancelled,157,,Shopping
OD123031019676156000,MR Mobile Hub Xiaomi Poco M2 Pro Mobile ...,https://www.flipkart.com/order_details?order_id=OD123031019676156000&item_id=12303101967615600&unit_id=12303101967615600000,Refunded,299,,Shopping
OD123031009386451000,wrap craft POCO M2 PRO Mobile Skin,https://www.flipkart.com/order_details?order_id=OD123031009386451000&item_id=12303100938645100&unit_id=12303100938645100000,Refunded,269,,Shopping
OD123030998289025000,SAMSUNG EVO Plus 32 GB SD Card Class 10 ...,https://www.flipkart.com/order_details?order_id=OD123030998289025000&item_id=12303099828902500&unit_id=12303099828902500000,Refunded,359,,Shopping
OD123028701546652000,tattooz Slides,https://www.flipkart.com/order_details?order_id=OD123028701546652000&item_id=12302870154665200&unit_id=12302870154665200000,Refunded,293,,Shopping
OD123028669533850000,Anayatech happy birthday combo-1 happy b...,https://www.flipkart.com/order_details?order_id=OD123028669533850000&item_id=12302866953385000&unit_id=12302866953385000000,Delivered,299,"Oct 11, 2021",Shopping
OD122783869427250000,xenilla Embroidered Rajshahi Vichitra Sa...,https://www.flipkart.com/order_details?order_id=OD122783869427250000&item_id=12278386942725000&unit_id=12278386942725000000,Delivered,749,"Sep 09, 2021",Shopping
OD122769075250113000,xenilla Embroidered Rajshahi Vichitra Sa...,https://www.flipkart.com/order_details?order_id=OD122769075250113000&item_id=12276907525011300&unit_id=12276907525011300000,Cancelled,749,,Shopping
OD122760227270661000,xenilla Embroidered Rajshahi Vichitra Sa...,https://www.flipkart.com/order_details?order_id=OD122760227270661000&item_id=12276022727066100&unit_id=12276022727066100000,Cancelled,749,,Shopping
OD122733977728858000,boAt Rockerz 235v2 with ASAP charging Ve...,https://www.flipkart.com/order_details?order_id=OD122733977728858000&item_id=12273397772885800&unit_id=12273397772885800000,Delivered,999,"Sep 02, 2021",Shopping
OD122733816295212000,boAt Rockerz 235v2 with ASAP charging Ve...,https://www.flipkart.com/order_details?order_id=OD122733816295212000&item_id=12273381629521200&unit_id=12273381629521200000,Refunded,999,,Shopping
OD122732840107174000,Boult Audio ProBass Curve Neckband Bluet...,https://www.flipkart.com/order_details?order_id=OD122732840107174000&item_id=12273284010717400&unit_id=12273284010717400000,Refunded,999,,Shopping
OD122731736634389000,Boult Audio ProBass Curve Neckband Bluet...,https://www.flipkart.com/order_details?order_id=OD122731736634389000&item_id=12273173663438900&unit_id=12273173663438900000,Refunded,999,,Shopping
OD122562744229154000,urban platter Italian Style Pizza Pasta ...,https://www.flipkart.com/order_details?order_id=OD122562744229154000&item_id=12256274422915400&unit_id=12256274422915400000,Refunded,195,,Shopping
OD122536374401938000,Tee town Color Block Men Blue Track Pant...,https://www.flipkart.com/order_details?order_id=OD122536374401938000&item_id=12253637440193800&unit_id=12253637440193800000,Cancelled,295,,Shopping
OD122519229070774000,MUUCHSTAC Ocean  Face Wash,https://www.flipkart.com/order_details?order_id=OD122519229070774000&item_id=12251922907077400&unit_id=12251922907077400000,Refunded,180,,Shopping
OD122509703305012000,BRIGHTRON poco m2 pro Ultra Thin Slim Fi...,https://www.flipkart.com/order_details?order_id=OD122509703305012000&item_id=12250970330501200&unit_id=12250970330501200000,Refunded,109,,Shopping
OD122500759977839000,TEREZA Embroidered Bollywood Art Silk Sa...,https://www.flipkart.com/order_details?order_id=OD122500759977839000&item_id=12250075997783900&unit_id=12250075997783900000,Delivered,534,"Aug 10, 2021",Shopping
OD122464808251982000,FREE FIRE Finger Sleeve For Pubg and all...,https://www.flipkart.com/order_details?order_id=OD122464808251982000&item_id=12246480825198200&unit_id=12246480825198200000,Delivered,123,"Aug 04, 2021",Shopping
OD122284304078079000,Nua Sanitary Napkins - (XL+L+R) Sanitary...,https://www.flipkart.com/order_details?order_id=OD122284304078079000&item_id=12228430407807900&unit_id=12228430407807900000,Delivered,218,"Jul 18, 2021",Shopping
OD122225117319480000,L'Or√©al Paris Extraordinary Clay Shampoo,https://www.flipkart.com/order_details?order_id=OD122225117319480000&item_id=12222511731948000&unit_id=12222511731948000000,Delivered,120,"Jul 06, 2021",Shopping
OD122224883929878000,Himalaya Men Active Sport Face Wash,https://www.flipkart.com/order_details?order_id=OD122224883929878000&item_id=12222488392987800&unit_id=12222488392987800000,Refunded,150,,Shopping
OD122218925634540000,Thermon Super Deluxe(Multi-Colour) Non -...,https://www.flipkart.com/order_details?order_id=OD122218925634540000&item_id=12221892563454000&unit_id=12221892563454000000,Delivered,139,"Jul 07, 2021",Shopping
OD122210093182847000,Thermon Super Deluxe(Multi-Colour) Non -...,https://www.flipkart.com/order_details?order_id=OD122210093182847000&item_id=12221009318284700&unit_id=12221009318284700000,Refunded,139,,Shopping
OD122210007758508000,indulekha Bhringa Hair Oil,https://www.flipkart.com/order_details?order_id=OD122210007758508000&item_id=12221000775850800&unit_id=12221000775850800000,Delivered,345,"Jul 04, 2021",Shopping
OD122162108277543000,Mi SJV4154IN/SJV4116IN 1.2 m Micro USB C...,https://www.flipkart.com/order_details?order_id=OD122162108277543000&item_id=12216210827754300&unit_id=12216210827754300000,Refunded,229,,Shopping
OD122062291707651000,M7 By Metronaut Color Block Men Round Ne...,https://www.flipkart.com/order_details?order_id=OD122062291707651000&item_id=12206229170765100&unit_id=12206229170765100000,Delivered,244,"Jun 19, 2021",Shopping
OD122034286941549000,M7 By Metronaut Color Block Men Round Ne...,https://www.flipkart.com/order_details?order_id=OD122034286941549000&item_id=12203428694154900&unit_id=12203428694154900000,Cancelled,229,,Shopping
OD121950064694805000,"Hupshy Flip Cover for Realme 5, Realme 5...",https://www.flipkart.com/order_details?order_id=OD121950064694805000&item_id=12195006469480500&unit_id=12195006469480500000,Delivered,237,"Jun 06, 2021",Shopping
OD121938208449785000,"Hupshy Flip Cover for Realme 5, Realme 5...",https://www.flipkart.com/order_details?order_id=OD121938208449785000&item_id=12193820844978500&unit_id=12193820844978500000,Cancelled,249,,Shopping
OD121904748636926000,"LAHEJA Embellished, Geometric Print Band...",https://www.flipkart.com/order_details?order_id=OD121904748636926000&item_id=12190474863692600&unit_id=12190474863692600000,Delivered,503,"Jun 02, 2021",Shopping
OD121773449538315000,g fashion studio Solid Bollywood Poly Si...,https://www.flipkart.com/order_details?order_id=OD121773449538315000&item_id=12177344953831500&unit_id=12177344953831500000,Delivered,678,"May 15, 2021",Shopping
OD121759570861638000,FERRERO ROCHER Moments Box of 12 Units T...,https://www.flipkart.com/order_details?order_id=OD121759570861638000&item_id=12175957086163800&unit_id=12175957086163800000,Refunded,221,,Shopping
OD121644009757142000,NEXZONE Tempered Glass Guard for POCO M2...,https://www.flipkart.com/order_details?order_id=OD121644009757142000&item_id=12164400975714200&unit_id=12164400975714200000,Cancelled,136,,Shopping
OD121613328735366000,bhrigu International Solid Chanderi Poly...,https://www.flipkart.com/order_details?order_id=OD121613328735366000&item_id=12161332873536600&unit_id=12161332873536600000,Refunded,499,,Shopping
OD121430846412419000,"SAARA Animal Print, Geometric Print, Pri...",https://www.flipkart.com/order_details?order_id=OD121430846412419000&item_id=12143084641241900&unit_id=12143084641241900000,Delivered,319,"Apr 08, 2021",Shopping
OD121369263425968000,Oomph! Printed Madhubani Art Silk Saree,https://www.flipkart.com/order_details?order_id=OD121369263425968000&item_id=12136926342596800&unit_id=12136926342596800000,Refunded,399,,Shopping
OD121076785572500000,PTron Boom Duo Dual Driver Wired Headset,https://www.flipkart.com/order_details?order_id=OD121076785572500000&item_id=12107678557250000&unit_id=12107678557250000000,Cancelled,449,,Shopping
OD121074167541718000,Boult Audio Bassbuds X1 Wired Headset,https://www.flipkart.com/order_details?order_id=OD121074167541718000&item_id=12107416754171800&unit_id=12107416754171800000,Refunded,349,,Shopping
OD120823314305111000,Fabwomen Self Design Mysore Art Silk Sar...,https://www.flipkart.com/order_details?order_id=OD120823314305111000&item_id=12082331430511100&unit_id=12082331430511100000,Delivered,407,"Jan 27, 2021",Shopping
OD120818844531872000,Fabwomen Self Design Mysore Art Silk Sar...,https://www.flipkart.com/order_details?order_id=OD120818844531872000&item_id=12081884453187200&unit_id=12081884453187200000,Refunded,407,,Shopping
OD120756909099335000,"Fabwomen Printed Bhagalpuri Khadi Silk, ...",https://www.flipkart.com/order_details?order_id=OD120756909099335000&item_id=12075690909933500&unit_id=12075690909933500000,Refunded,341,,Shopping
OD120707316740132000,Aadi Casuals For Men,https://www.flipkart.com/order_details?order_id=OD120707316740132000&item_id=12070731674013200&unit_id=12070731674013200000,Delivered,436,"Jan 15, 2021",Shopping
OD120704430152980000,Hzisko High Tops For Men,https://www.flipkart.com/order_details?order_id=OD120704430152980000&item_id=12070443015298000&unit_id=12070443015298000000,Refunded,529,,Shopping
OD120670789387771000,Hzisko High Tops For Men,https://www.flipkart.com/order_details?order_id=OD120670789387771000&item_id=12067078938777100&unit_id=12067078938777100000,Refunded,509,,Shopping
OD120524646316183000,Faber-Castell 25 Erasable Plastic Crayon...,https://www.flipkart.com/order_details?order_id=OD120524646316183000&item_id=12052464631618300&unit_id=12052464631618300000,Cancelled,100,,Shopping
OD120524160768968000,Digiom Finger Sleeve For Game Pubg Free ...,https://www.flipkart.com/order_details?order_id=OD120524160768968000&item_id=12052416076896800&unit_id=12052416076896800000,Delivered,139,"Dec 24, 2020",Shopping
OD120338907559716000,"Pigeon Special Combo Pack 2 L, 3 L, 5 L ...",https://www.flipkart.com/order_details?order_id=OD120338907559716000&item_id=12033890755971600&unit_id=12033890755971600000,Cancelled,1549,,Shopping
OD120330660366620000,"INDICRAFT Back Cover for Poco M2 Pro, Mi...",https://www.flipkart.com/order_details?order_id=OD120330660366620000&item_id=12033066036662000&unit_id=12033066036662000000,Cancelled,254,,Shopping
OD120308387124605000,Asian Excel-14 Firozi Athleisure Sports ...,https://www.flipkart.com/order_details?order_id=OD120308387124605000&item_id=12030838712460500&unit_id=12030838712460500000,Delivered,499,"Nov 28, 2020",Shopping
OD120308350521587000,Asian Excel-14 Firozi Athleisure Sports ...,https://www.flipkart.com/order_details?order_id=OD120308350521587000&item_id=12030835052158700&unit_id=12030835052158700000,Cancelled,499,,Shopping
OD120231571344874000,Roadster Solid V Neck Casual Women Black...,https://www.flipkart.com/order_details?order_id=OD120231571344874000&item_id=12023157134487400&unit_id=12023157134487400000,Cancelled,674,,Shopping
OD120193141125938000,Guruh Homes 213.36 cm (7 ft) Polyester D...,https://www.flipkart.com/order_details?order_id=OD120193141125938000&item_id=12019314112593800&unit_id=12019314112593800000&share_token=SH20111111591672624789.38D3B1862D71460465CA88A603FE30C77D5A2E86,Delivered,386,"Nov 16, 2020",Shopping
OD120168161440613000,FUBAR Men Solid Casual Maroon Shirt,https://www.flipkart.com/order_details?order_id=OD120168161440613000&item_id=12016816144061300&unit_id=12016816144061300000,Cancelled,471,,Shopping
OD120168087729780000,FUBAR Men Solid Casual Maroon Shirt,https://www.flipkart.com/order_details?order_id=OD120168087729780000&item_id=12016808772978000&unit_id=12016808772978000000,Cancelled,471,,Shopping
OD120167337072030000,"Play Fast Back Cover for Poco M2 Pro, Mi...",https://www.flipkart.com/order_details?order_id=OD120167337072030000&item_id=12016733707203000&unit_id=12016733707203000000,Cancelled,149,,Shopping
OD120167256542562000,HANUMNTRA Men Printed Casual Blue Shirt,https://www.flipkart.com/order_details?order_id=OD120167256542562000&item_id=12016725654256200&unit_id=12016725654256200000,Delivered,449,"Nov 13, 2020",Shopping
OD120161554393709000,JAY SANIDEV ENTERPRISE Casual Full Sleev...,https://www.flipkart.com/order_details?order_id=OD120161554393709000&item_id=12016155439370900&unit_id=12016155439370900000&share_token=SH20110720161638608266.40BF642AA01CCAE1E2322101935F88E23E668508,Cancelled,359,,Shopping
OD120149587092461000,HANUMNTRA Men Printed Casual Blue Shirt,https://www.flipkart.com/order_details?order_id=OD120149587092461000&item_id=12014958709246100&unit_id=12014958709246100000,Cancelled,529,,Shopping
OD120149548149926000,VERO LIE Men Printed Casual Blue Shirt,https://www.flipkart.com/order_details?order_id=OD120149548149926000&item_id=12014954814992600&unit_id=12014954814992600000,Cancelled,567,,Shopping
OD120149025105662000,HANUMNTRA Men Printed Casual Blue Shirt,https://www.flipkart.com/order_details?order_id=OD120149025105662000&item_id=12014902510566200&unit_id=12014902510566200000,Cancelled,529,,Shopping
OD120133059537639000,"COBIERTAS Back Cover for Poco M2 Pro, Mi...",https://www.flipkart.com/order_details?order_id=OD120133059537639000&item_id=12013305953763900&unit_id=12013305953763900000,Cancelled,199,,Shopping
OD120091009529006000,BESTTALK Back Cover for Samsung Galaxy S...,https://www.flipkart.com/order_details?order_id=OD120091009529006000&item_id=12009100952900600&unit_id=12009100952900600000,Cancelled,149,,Shopping
OD120082138244173000,The Boo Boo Club Baby Boys & Baby Girls ...,https://www.flipkart.com/order_details?order_id=OD120082138244173000&item_id=12008213824417300&unit_id=12008213824417300000,Delivered,403,"Nov 05, 2020",Shopping
OD120081883691603000,Himalaya Ashvagandha,https://www.flipkart.com/order_details?order_id=OD120081883691603000&item_id=12008188369160300&unit_id=12008188369160300000,Delivered,120,"Nov 02, 2020",Shopping
OD119962200412472000,Asian Paints Extra Large Wall Sticker  S...,https://www.flipkart.com/order_details?order_id=OD119962200412472000&item_id=11996220041247200&unit_id=11996220041247200000,Delivered,75,"Oct 20, 2020",Shopping
OD119962023262142000,LooMantha Fridge Mat,https://www.flipkart.com/order_details?order_id=OD119962023262142000&item_id=11996202326214200&unit_id=11996202326214200000,Delivered,179,"Oct 19, 2020",Shopping
OD119962007071261000,Camlin 2 in 1 Geometry and Pencil Box Se...,https://www.flipkart.com/order_details?order_id=OD119962007071261000&item_id=11996200707126100&unit_id=11996200707126100000,Delivered,149,"Oct 20, 2020",Shopping
OD119961992180763000,Yellow Weaves Refrigerator  Cover,https://www.flipkart.com/order_details?order_id=OD119961992180763000&item_id=11996199218076300&unit_id=11996199218076300000,Cancelled,199,,Shopping
OD119960569619460000,LooMantha Fridge Mat,https://www.flipkart.com/order_details?order_id=OD119960569619460000&item_id=11996056961946000&unit_id=11996056961946000000,Cancelled,129,,Shopping
OD119960289898244000,LooMantha Fridge Mat,https://www.flipkart.com/order_details?order_id=OD119960289898244000&item_id=11996028989824400&unit_id=11996028989824400000,Cancelled,129,,Shopping
OD119960242580668000,KANUSHI Refrigerator  Cover,https://www.flipkart.com/order_details?order_id=OD119960242580668000&item_id=11996024258066800&unit_id=11996024258066800000,Cancelled,172,,Shopping
OD219796133033930000,Metronaut Typography Women Henley Neck W...,https://www.flipkart.com/order_details?order_id=OD219796133033930000&item_id=21979613303393000&unit_id=21979613303393000000&share_token=SH20092613123531334117.C705A23EC71D2CF11B4FA7D3B3BC57F010717ADF,Refunded,262,,Shopping
OD219795772647677000,Metronaut Printed Women Round Neck White...,https://www.flipkart.com/order_details?order_id=OD219795772647677000&item_id=21979577264767700&unit_id=21979577264767700000&share_token=SH20092612123600618798.CCE2FC35DB6855922C87467EA2C29895B9799156,Cancelled,263,,Shopping
OD119583500676962000,YBT FIXER WITH FACE PRIMER,https://www.flipkart.com/order_details?order_id=OD119583500676962000&item_id=11958350067696200&unit_id=11958350067696200000,Delivered,212,"Sep 06, 2020",Shopping
OD117143970951977000,Lakme 9 to 5 Complexion Care Face Cream ...,https://www.flipkart.com/order_details?order_id=OD117143970951977000&item_id=11714397095197700&unit_id=11714397095197700000&share_token=SH19112414045862932852.5D910255F3EC6F0EE775B8D4E719C39E7FD7C86A,Delivered,210,"Nov 26, 2019",Shopping
OD115563353378372000,Khadi Natural Neem andTulsi  Face Wash,https://www.flipkart.com/order_details?order_id=OD115563353378372000&item_id=11556335337837200&unit_id=11556335337837200000,Cancelled,175,,Shopping
OD115563108834768000,Khadi Natural Herbal Neem & Tulsi  Face ...,https://www.flipkart.com/order_details?order_id=OD115563108834768000&item_id=11556310883476800&unit_id=11556310883476800000,Cancelled,179,,Shopping
